start_time,encryp_client,encryp_supplier,environment,hub_machine,hub_status_id,error_code,Hits
2019-11-26 16:00:00 UTC,NdKnVLm0j+zEGGqvRZ+XCg==,lmFAlO8CfEXnRjZKUsUOnQ==,TGMADXTGPHUB48V,TGMADXTGPHUB48V,1,204,1573
2019-11-26 16:00:00 UTC,NdKnVLm0j+zEGGqvRZ+XCg==,x+7U3Q4PVCJwWhC2kQ55XA==,TGMADXTGPHUB03V,TGMADXTGPHUB03V,1,0,74
2019-11-26 16:00:00 UTC,NdKnVLm0j+zEGGqvRZ+XCg==,/yp6VBikmvZKV+888x13IQ==,TGMADXTGPHUB50V,TGMADXTGPHUB50V,1,204,457
2019-11-26 16:00:00 UTC,NdKnVLm0j+zEGGqvRZ+XCg==,nfZ0SLk1uPLLOR6DcWKZvQ==,TGMADXTGPHUB23V,TGMADXTGPHUB23V,1,105,5
2019-11-26 16:00:00 UTC,NdKnVLm0j+zEGGqvRZ+XCg==,pfdeEwwa4m0br/aGjtH6hg==,TGMADXTGPHUB11V,TGMADXTGPHUB11V,1,0,1243
2019-11-26 16:00:00 UTC,P5mOpBzXMjHZoXT622mpzA==,7GI2HGXMo3+VZTAIRQD2XA==,GCloud_Hotel,HOTEL-087,1,104,2
2019-11-26 16:00:00 UTC,M0fwQVJNiRVDbPjZ4e2I+A==,VmlndfxlHatmUHupV3zFkQ==,GCloud_Hotel,HOTEL-468,1,204,1
2019-11-26 16:00:00 UTC,Ha+C3qznSMt9CYB+rC9AEQ==,1tIXmC4AKMqNgkhObGKEeA==,GCloud_Hotel,HOTEL-815,1,105,3
2019-11-26 16:00:00 UTC,NdKnVLm0j+zEGGqvRZ+XCg==,EOBUoMnM/IUyNJTyjUUugA==,TGMADXTGPHUB02V,TGMADXTGPHUB02V,1,105,4
2019-11-26 16:00:00 UTC,NdKnVLm0j+zEGGqvRZ+XCg==,uKF+hDkADReUzTWneT4IJA==,TGMADXTGPHUB53V,TGMADXTGPHUB53V,1,204,254
2019-11-26 16:00:00 UTC,NdKnVLm0j+zEGGqvRZ+XCg==,/XEuhbLZp+0cgzXqrvnHtw==,TGMADXTGPHUB18V,TGMADXTGPHUB18V,1,204,3559
2019-11-26 16:00:00 UTC,NdKnVLm0j+zEGGqvRZ+XCg==,m9ZFwu9Yc39T/zLmyScEmg==,TGMADXTGPHUB14V,TGMADXTGPHUB14V,1,204,3
2019-11-26 16:00:00 UTC,NdKnVLm0j+zEGGqvRZ+XCg==,9XKAyC06OPi/QSpSDjP3/g==,TGMADXTGPHUB05V,TGMADXTGPHUB05V,1,204,583
2019-11-26 16:00:00 UTC,NdKnVLm0j+zEGGqvRZ+XCg==,SW73cslHAyI8WC/7SmDdwg==,TGMADXTGPHUB29V,TGMADXTGPHUB29V,1,204,53
2019-11-26 16:00:00 UTC,NdKnVLm0j+zEGGqvRZ+XCg==,bBWFkU4M9bm5fd+CHEPJqw==,TGMADXTGPHUB57V,TGMADXTGPHUB57V,1,104,1
2019-11-26 16:00:00 UTC,NdKnVLm0j+zEGGqvRZ+XCg==,9hPrHD2POwivuXL9cotTOg==,TGMADXTGPHUB42V,TGMADXTGPHUB42V,1,102,1
2019-11-26 16:00:00 UTC,NdKnVLm0j+zEGGqvRZ+XCg==,pfdeEwwa4m0br/aGjtH6hg==,TGMADXTGPHUB03V,TGMADXTGPHUB03V,1,0,1336
2019-11-26 16:00:00 UTC,zJymecCcXdyfwgl6vR+/EQ==,XkV2vq4quG1q0bixcA0uEQ==,GCloud_Hotel,HOTEL-132,1,105,1
2019-11-26 16:00:00 UTC,NxcukFln61KDCTWt2V5pmA==,9XKAyC06OPi/QSpSDjP3/g==,GCloud_Hotel,HOTEL-312,1,104,3
2019-11-26 16:00:00 UTC,NxcukFln61KDCTWt2V5pmA==,9XKAyC06OPi/QSpSDjP3/g==,az_Hotel_we6,vmhotwe600000X,1,205,4
2019-11-26 16:00:00 UTC,F1WsXkbBIuK/trXzp+694w==,WB1jgfPzXk+ddyAaz4ezZA==,az_Hotel_we6,vmhotwe600000Z,1,204,3
2019-11-26 16:00:00 UTC,8Nsd8lepu6H7ZunMIOJXUw==,JDZT2AYiSMVRiF8qgPL1cQ==,az_Hotel_we6,vmhotwe6000019,1,204,5
2019-11-26 16:00:00 UTC,NdKnVLm0j+zEGGqvRZ+XCg==,r5ZooezosRmvLvshXNtYDA==,TGMADXTGPHUB41V,TGMADXTGPHUB41V,1,0,763
2019-11-26 16:00:00 UTC,F1WsXkbBIuK/trXzp+694w==,r5ZooezosRmvLvshXNtYDA==,GCloud_Hotel,HOTEL-231,1,0,5
2019-11-26 16:00:00 UTC,vu1C2c028WcrF+y4rYLNMA==,xCn96LG5htQvhLpj2/72rA==,GCloud_Hotel,HOTEL-665,1,0,723
2019-11-26 16:00:00 UTC,NdKnVLm0j+zEGGqvRZ+XCg==,b/ABalxShqHWmfk6BLBCCQ==,TGMADXTGPHUB59V,TGMADXTGPHUB59V,1,104,29
2019-11-26 16:00:00 UTC,M0fwQVJNiRVDbPjZ4e2I+A==,FZZz/QnZAA6NdwbqWnUbEA==,GCloud_Hotel,HOTEL-189,1,204,2
2019-11-26 16:00:00 UTC,fDKD1IuiC1AMlirUyjoPCg==,R8QCaSYvgHJiX0/4RIllug==,GCloud_Hotel,HOTEL-468,1,204,228
2019-11-26 16:00:00 UTC,B7AmrZ3x0soagvrU99F/uQ==,n/i/XEaJtjNd0jKptYyLQQ==,az_Hotel_we6,vmhotwe600001C,1,204,86
2019-11-26 16:00:00 UTC,zJymecCcXdyfwgl6vR+/EQ==,n/i/XEaJtjNd0jKptYyLQQ==,az_Hotel_we6,vmhotwe600001H,1,102,225
2019-11-26 16:00:00 UTC,NdKnVLm0j+zEGGqvRZ+XCg==,YCiyqdqQT3kRRgaDtHDBYg==,TGMADXTGPHUB04V,TGMADXTGPHUB04V,1,0,14192
2019-11-26 16:00:00 UTC,KRJbNPZcZAJKj3dV6zABxQ==,CTHDRWq4l+7XxgBWSJGY7g==,az_Hotel_we6,vmhotwe6000016,1,0,12
2019-11-26 16:00:00 UTC,NdKnVLm0j+zEGGqvRZ+XCg==,Wyxxy0jByOfWm8TTyqvj9Q==,TGMADXTGPHUB49V,TGMADXTGPHUB49V,1,204,439
2019-11-26 16:00:00 UTC,NdKnVLm0j+zEGGqvRZ+XCg==,EOBUoMnM/IUyNJTyjUUugA==,TGMADXTGPHUB05V,TGMADXTGPHUB05V,1,105,5
2019-11-26 16:00:00 UTC,NdKnVLm0j+zEGGqvRZ+XCg==,QAsHYjklRwshylXDzpkT9A==,TGMADXTGPHUB45V,TGMADXTGPHUB45V,1,0,1419
2019-11-26 16:00:00 UTC,NdKnVLm0j+zEGGqvRZ+XCg==,ywslY+eAFIFkA+vffGPU0w==,TGMADXTGPHUB51V,TGMADXTGPHUB51V,1,102,118
2019-11-26 16:00:00 UTC,NdKnVLm0j+zEGGqvRZ+XCg==,/yp6VBikmvZKV+888x13IQ==,TGMADXTGPHUB45V,TGMADXTGPHUB45V,1,207,1
2019-11-26 16:00:00 UTC,NdKnVLm0j+zEGGqvRZ+XCg==,tP3Zl7HzPg1MaWRETCvzmQ==,TGMADXTGPHUB60V,TGMADXTGPHUB60V,1,204,66
2019-11-26 16:00:00 UTC,NdKnVLm0j+zEGGqvRZ+XCg==,xsEY4EhWHfjAbGLOz5cENQ==,TGMADXTGPHUB40V,TGMADXTGPHUB40V,1,204,135
2019-11-26 16:00:00 UTC,NdKnVLm0j+zEGGqvRZ+XCg==,+XhVZZ172VbMKy3BDZg72g==,TGMADXTGPHUB46V,TGMADXTGPHUB46V,1,204,21
2019-11-26 16:00:00 UTC,NdKnVLm0j+zEGGqvRZ+XCg==,UF2sLBBkp/3Yz1rykg7Y5A==,TGMADXTGPHUB45V,TGMADXTGPHUB45V,1,0,9
2019-11-26 16:00:00 UTC,NdKnVLm0j+zEGGqvRZ+XCg==,zeZYZ15yeiSDPDemjeNLgA==,TGMADXTGPHUB25V,TGMADXTGPHUB25V,1,102,1
2019-11-26 16:00:00 UTC,NdKnVLm0j+zEGGqvRZ+XCg==,6rZK/D7D69g3FhhyrbSBDw==,TGMADXTGPHUB50V,TGMADXTGPHUB50V,1,204,959
2019-11-26 16:00:00 UTC,NdKnVLm0j+zEGGqvRZ+XCg==,hez4kEVFbqTqloQbAGMcwQ==,TGMADXTGPHUB48V,TGMADXTGPHUB48V,1,204,2884
2019-11-26 16:00:00 UTC,NdKnVLm0j+zEGGqvRZ+XCg==,zxUKVc+odocVIKDngYUYNw==,TGMADXTGPHUB57V,TGMADXTGPHUB57V,1,204,984
2019-11-26 16:00:00 UTC,NdKnVLm0j+zEGGqvRZ+XCg==,pfdeEwwa4m0br/aGjtH6hg==,TGMADXTGPHUB04V,TGMADXTGPHUB04V,1,0,1301
2019-11-26 16:00:00 UTC,NdKnVLm0j+zEGGqvRZ+XCg==,Wyxxy0jByOfWm8TTyqvj9Q==,TGMADXTGPHUB12V,TGMADXTGPHUB12V,1,204,478
2019-11-26 16:00:00 UTC,NdKnVLm0j+zEGGqvRZ+XCg==,sYB+8EI/NC8O+taVdaz6jQ==,TGMADXTGPHUB49V,TGMADXTGPHUB49V,1,102,22
2019-11-26 16:00:00 UTC,NdKnVLm0j+zEGGqvRZ+XCg==,t7Rs5dGlR9uJwLxhX/JypQ==,TGMADXTGPHUB34V,TGMADXTGPHUB34V,1,104,81
2019-11-26 16:00:00 UTC,NdKnVLm0j+zEGGqvRZ+XCg==,4JW4EzotvcI7MA9dOSEewA==,TGMADXTGPHUB51V,TGMADXTGPHUB51V,1,205,570
2019-11-26 16:00:00 UTC,NdKnVLm0j+zEGGqvRZ+XCg==,HkxVvRuF68zAzaAEQKZvkw==,TGMADXTGPHUB38V,TGMADXTGPHUB38V,1,204,3792
2019-11-26 16:00:00 UTC,NdKnVLm0j+zEGGqvRZ+XCg==,XkV2vq4quG1q0bixcA0uEQ==,TGMADXTGPHUB01V,TGMADXTGPHUB01V,1,204,139
2019-11-26 16:00:00 UTC,NdKnVLm0j+zEGGqvRZ+XCg==,AQTPjk8UOusjECW8jjbtJg==,TGMADXTGPHUB17V,TGMADXTGPHUB17V,1,102,61
2019-11-26 16:00:00 UTC,NdKnVLm0j+zEGGqvRZ+XCg==,AQTPjk8UOusjECW8jjbtJg==,TGMADXTGPHUB30V,TGMADXTGPHUB30V,1,102,61
2019-11-26 16:00:00 UTC,NdKnVLm0j+zEGGqvRZ+XCg==,EOBUoMnM/IUyNJTyjUUugA==,TGMADXTGPHUB03V,TGMADXTGPHUB03V,1,204,845
2019-11-26 16:00:00 UTC,NdKnVLm0j+zEGGqvRZ+XCg==,Y5EL1m6HLqPQpj5TWiP1hQ==,TGMADXTGPHUB08V,TGMADXTGPHUB08V,1,204,42
2019-11-26 16:00:00 UTC,NdKnVLm0j+zEGGqvRZ+XCg==,VXHkUXrgKJgrub84TwfhfA==,TGMADXTGPHUB29V,TGMADXTGPHUB29V,1,204,81
2019-11-26 16:00:00 UTC,NdKnVLm0j+zEGGqvRZ+XCg==,oBcq6HXFijlECeD0kdKYug==,TGMADXTGPHUB59V,TGMADXTGPHUB59V,1,0,33
2019-11-26 16:00:00 UTC,NdKnVLm0j+zEGGqvRZ+XCg==,SEL9TdP/1ciee7DNv2S6Yg==,TGMADXTGPHUB00V,TGMADXTGPHUB00V,1,204,65
2019-11-26 16:00:00 UTC,INF1zIRrGoWiRPXf6dEtKg==,/cBYB32A9CXP9xLw7s6BFA==,GCloud_Hotel,HOTEL-132,1,0,619
2019-11-26 16:00:00 UTC,fhg+bs/87YV0dMl0mpHNrA==,vxA7eRs5C6pGm0JHn39/Nw==,GCloud_Hotel,HOTEL-945,1,104,3
2019-11-26 16:00:00 UTC,F1WsXkbBIuK/trXzp+694w==,Q2sqSHvjWMEhJX5ARdVnqQ==,az_Hotel_we6,vmhotwe6000002,1,0,6
2019-11-26 16:00:00 UTC,F1WsXkbBIuK/trXzp+694w==,qLGg7mnALPUO4+C9F+bT+g==,az_Hotel_we6,vmhotwe600000W,1,204,18
2019-11-26 16:00:00 UTC,F1WsXkbBIuK/trXzp+694w==,nbHueRgNSRLFbxsG9QVGfw==,az_Hotel_we6,vmhotwe600000Y,1,0,5
2019-11-26 16:00:00 UTC,P5mOpBzXMjHZoXT622mpzA==,iW/pCucfZQ9EarC0vbTgaw==,az_Hotel_we6,vmhotwe600001I,1,205,24
2019-11-26 16:00:00 UTC,fDKD1IuiC1AMlirUyjoPCg==,fgpo2BZnsrDs+Or5nW1SxQ==,GCloud_Hotel,HOTEL-815,1,0,192
2019-11-26 16:00:00 UTC,NdKnVLm0j+zEGGqvRZ+XCg==,+aoIvdU8fSZdTyLtyS7CbQ==,TGMADXTGPHUB11V,TGMADXTGPHUB11V,1,0,3441
2019-11-26 16:00:00 UTC,0tiKXCVSRuVYrgrxR+Sxnw==,+aoIvdU8fSZdTyLtyS7CbQ==,GCloud_Hotel,HOTEL-815,1,204,1
2019-11-26 16:00:00 UTC,F1WsXkbBIuK/trXzp+694w==,kkBTeJzm79M7qJsqtEDJBA==,GCloud_Hotel,HOTEL-087,1,102,1
2019-11-26 16:00:00 UTC,F1WsXkbBIuK/trXzp+694w==,X0W89Lr1WDyp26yH4Pi9kg==,GCloud_Hotel,HOTEL-312,1,204,1
2019-11-26 16:00:00 UTC,F1WsXkbBIuK/trXzp+694w==,H6q5AIjchJU+sKWnyl7TeQ==,GCloud_Hotel,HOTEL-312,1,204,1
2019-11-26 16:00:00 UTC,NdKnVLm0j+zEGGqvRZ+XCg==,/8vS34kth1xjeg2469PBWg==,TGMADXTGPHUB36V,TGMADXTGPHUB36V,1,204,4761
2019-11-26 16:00:00 UTC,OkgUssz0X9xJ1rNL+lh6xg==,iNzox7+VFon0OXxq3vbbtQ==,az_Hotel_we0,vmhotwe000013Y,1,204,14
2019-11-26 16:00:00 UTC,NxcukFln61KDCTWt2V5pmA==,iNzox7+VFon0OXxq3vbbtQ==,az_Hotel_we6,vmhotwe600001L,1,0,2360
2019-11-26 16:00:00 UTC,NdKnVLm0j+zEGGqvRZ+XCg==,rfVxEzdSqT5zyt2ThLt+KA==,TGMADXTGPHUB12V,TGMADXTGPHUB12V,1,204,1245
2019-11-26 16:00:00 UTC,NdKnVLm0j+zEGGqvRZ+XCg==,7z56JIOVpc1L1wCvVpIPIg==,TGMADXTGPHUB46V,TGMADXTGPHUB46V,1,0,61
2019-11-26 16:00:00 UTC,NdKnVLm0j+zEGGqvRZ+XCg==,0miAdp/04rI6PZPec1hRzQ==,TGMADXTGPHUB57V,TGMADXTGPHUB57V,1,0,4736
2019-11-26 16:00:00 UTC,NdKnVLm0j+zEGGqvRZ+XCg==,oFVWK9tZrYupzGgDZzCBGA==,TGMADXTGPHUB26V,TGMADXTGPHUB26V,1,105,472
2019-11-26 16:00:00 UTC,NdKnVLm0j+zEGGqvRZ+XCg==,NaTon+0D5apURgIdPhXQZA==,TGMADXTGPHUB52V,TGMADXTGPHUB52V,1,204,44
2019-11-26 16:00:00 UTC,NdKnVLm0j+zEGGqvRZ+XCg==,EOBUoMnM/IUyNJTyjUUugA==,TGMADXTGPHUB24V,TGMADXTGPHUB24V,1,105,3
2019-11-26 16:00:00 UTC,g7Y3WemIzpT7nghOQm/Ulw==,afNCEvo5npzKCBDcEG+z1g==,az_Hotel_we0,vmhotwe000013J,1,104,18
2019-11-26 16:00:00 UTC,aVcmQ/ubeVvTTPjyoz/NGg==,sYB+8EI/NC8O+taVdaz6jQ==,TotalUptime_Hotel_22,XML22,1,0,1496
2019-11-26 16:00:00 UTC,NdKnVLm0j+zEGGqvRZ+XCg==,wS0ReNCqZ57CKoTOZHjWzA==,TGMADXTGPHUB22V,TGMADXTGPHUB22V,1,105,1
2019-11-26 16:00:00 UTC,NxcukFln61KDCTWt2V5pmA==,CTHDRWq4l+7XxgBWSJGY7g==,az_Hotel_we6,vmhotwe600001F,1,0,5582
2019-11-26 16:00:00 UTC,NdKnVLm0j+zEGGqvRZ+XCg==,U/k7qjBXghEHx1AyOJL6kg==,TGMADXTGPHUB21V,TGMADXTGPHUB21V,1,0,1831
2019-11-26 16:00:00 UTC,NdKnVLm0j+zEGGqvRZ+XCg==,U/k7qjBXghEHx1AyOJL6kg==,TGMADXTGPHUB29V,TGMADXTGPHUB29V,1,0,1758
2019-11-26 16:00:00 UTC,NdKnVLm0j+zEGGqvRZ+XCg==,ogiedpe7RrBCunvT4utQ8Q==,TGMADXTGPHUB23V,TGMADXTGPHUB23V,1,101,6
2019-11-26 16:00:00 UTC,NdKnVLm0j+zEGGqvRZ+XCg==,C/zUzqnj3FnAx6ZCjm1jWA==,TGMADXTGPHUB38V,TGMADXTGPHUB38V,1,0,12
2019-11-26 16:00:00 UTC,NdKnVLm0j+zEGGqvRZ+XCg==,/ic18xMaysaxrN7pjSiP0w==,TGMADXTGPHUB07V,TGMADXTGPHUB07V,1,204,523
2019-11-26 16:00:00 UTC,NdKnVLm0j+zEGGqvRZ+XCg==,10vQsI/0VWnQRHERRd+zNg==,TGMADXTGPHUB48V,TGMADXTGPHUB48V,1,204,931
2019-11-26 16:00:00 UTC,NdKnVLm0j+zEGGqvRZ+XCg==,oFVWK9tZrYupzGgDZzCBGA==,TGMADXTGPHUB41V,TGMADXTGPHUB41V,1,105,448
2019-11-26 16:00:00 UTC,NdKnVLm0j+zEGGqvRZ+XCg==,10vQsI/0VWnQRHERRd+zNg==,TGMADXTGPHUB34V,TGMADXTGPHUB34V,1,0,292
2019-11-26 16:00:00 UTC,NdKnVLm0j+zEGGqvRZ+XCg==,WScDdNCTN9cazsAa+JI2BA==,TGMADXTGPHUB58V,TGMADXTGPHUB58V,1,204,41
2019-11-26 16:00:00 UTC,NdKnVLm0j+zEGGqvRZ+XCg==,cssHUaL+F9QZegyDVfY+6w==,TGMADXTGPHUB42V,TGMADXTGPHUB42V,1,204,12
2019-11-26 16:00:00 UTC,NdKnVLm0j+zEGGqvRZ+XCg==,0s+NvloasdK1jgRTjBMD5w==,TGMADXTGPHUB32V,TGMADXTGPHUB32V,1,105,4
2019-11-26 16:00:00 UTC,NdKnVLm0j+zEGGqvRZ+XCg==,B2VE3Mycg20rEngSES4Osg==,TGMADXTGPHUB58V,TGMADXTGPHUB58V,1,204,268
2019-11-26 16:00:00 UTC,NdKnVLm0j+zEGGqvRZ+XCg==,eeY2supDDMIrA7B+pAGspA==,TGMADXTGPHUB48V,TGMADXTGPHUB48V,1,204,1247
2019-11-26 16:00:00 UTC,NdKnVLm0j+zEGGqvRZ+XCg==,DfMRqVlQcQJ8Y7cQxZ21hg==,TGMADXTGPHUB49V,TGMADXTGPHUB49V,1,0,27
2019-11-26 16:00:00 UTC,NdKnVLm0j+zEGGqvRZ+XCg==,EOBUoMnM/IUyNJTyjUUugA==,TGMADXTGPHUB19V,TGMADXTGPHUB19V,1,105,4
2019-11-26 16:00:00 UTC,NdKnVLm0j+zEGGqvRZ+XCg==,37/JzHojVWDwTLGl+vHsPg==,TGMADXTGPHUB21V,TGMADXTGPHUB21V,1,104,6
2019-11-26 16:00:00 UTC,NdKnVLm0j+zEGGqvRZ+XCg==,oOdfF+tj9WiwF0BD72c5cA==,TGMADXTGPHUB59V,TGMADXTGPHUB59V,1,205,6
2019-11-26 16:00:00 UTC,NdKnVLm0j+zEGGqvRZ+XCg==,xZd+jK6y5jxOsPcPeIoFNg==,TGMADXTGPHUB40V,TGMADXTGPHUB40V,1,204,75
2019-11-26 16:00:00 UTC,F1WsXkbBIuK/trXzp+694w==,1LN9nCNsV/eivvVE2j/PHg==,GCloud_Hotel,HOTEL-132,1,0,2
2019-11-26 16:00:00 UTC,NdKnVLm0j+zEGGqvRZ+XCg==,FBjVV+z66oGKVBSe1vTyKw==,TGMADXTGPHUB38V,TGMADXTGPHUB38V,1,204,90
2019-11-26 16:00:00 UTC,NdKnVLm0j+zEGGqvRZ+XCg==,6rZK/D7D69g3FhhyrbSBDw==,TGMADXTGPHUB48V,TGMADXTGPHUB48V,1,104,2
2019-11-26 16:00:00 UTC,NdKnVLm0j+zEGGqvRZ+XCg==,5EuhHltAd/slaDoLSfi8mw==,TGMADXTGPHUB27V,TGMADXTGPHUB27V,1,207,5
2019-11-26 16:00:00 UTC,NdKnVLm0j+zEGGqvRZ+XCg==,ywslY+eAFIFkA+vffGPU0w==,TGMADXTGPHUB53V,TGMADXTGPHUB53V,1,0,110
2019-11-26 16:00:00 UTC,NdKnVLm0j+zEGGqvRZ+XCg==,UxA+LLf0y1jfIoyEuKzTLg==,TGMADXTGPHUB46V,TGMADXTGPHUB46V,1,0,282
2019-11-26 16:00:00 UTC,NdKnVLm0j+zEGGqvRZ+XCg==,ywslY+eAFIFkA+vffGPU0w==,TGMADXTGPHUB14V,TGMADXTGPHUB14V,1,0,119
2019-11-26 16:00:00 UTC,NdKnVLm0j+zEGGqvRZ+XCg==,eeY2supDDMIrA7B+pAGspA==,TGMADXTGPHUB04V,TGMADXTGPHUB04V,1,105,1
2019-11-26 16:00:00 UTC,NdKnVLm0j+zEGGqvRZ+XCg==,lmFAlO8CfEXnRjZKUsUOnQ==,TGMADXTGPHUB55V,TGMADXTGPHUB55V,1,204,1521
2019-11-26 16:00:00 UTC,NdKnVLm0j+zEGGqvRZ+XCg==,xZd+jK6y5jxOsPcPeIoFNg==,TGMADXTGPHUB37V,TGMADXTGPHUB37V,1,0,64
2019-11-26 16:00:00 UTC,NdKnVLm0j+zEGGqvRZ+XCg==,/yp6VBikmvZKV+888x13IQ==,TGMADXTGPHUB46V,TGMADXTGPHUB46V,1,0,898
2019-11-26 16:00:00 UTC,NdKnVLm0j+zEGGqvRZ+XCg==,EOBUoMnM/IUyNJTyjUUugA==,TGMADXTGPHUB04V,TGMADXTGPHUB04V,1,0,772
2019-11-26 16:00:00 UTC,glrrmG5mT3ZHi2YteYCnQg==,r8qDCFUu7vwMUK18r3WAhA==,az_Hotel_ne0,vmhotne0000003,1,0,36
2019-11-26 16:00:00 UTC,NdKnVLm0j+zEGGqvRZ+XCg==,ggbPawuAB8QazAJkGv3VZw==,TGMADXTGPHUB58V,TGMADXTGPHUB58V,1,0,357
2019-11-26 16:00:00 UTC,NdKnVLm0j+zEGGqvRZ+XCg==,Hr53blty/pPykSsAwbwSDQ==,TGMADXTGPHUB29V,TGMADXTGPHUB29V,1,104,26
2019-11-26 16:00:00 UTC,NdKnVLm0j+zEGGqvRZ+XCg==,0miAdp/04rI6PZPec1hRzQ==,TGMADXTGPHUB18V,TGMADXTGPHUB18V,1,0,4554
2019-11-26 16:00:00 UTC,NdKnVLm0j+zEGGqvRZ+XCg==,KDX3uQdorOEiWngh9bzRMQ==,TGMADXTGPHUB18V,TGMADXTGPHUB18V,1,0,156
2019-11-26 16:00:00 UTC,NdKnVLm0j+zEGGqvRZ+XCg==,KtbVl1xF2i5xHHlvOhsCnA==,TGMADXTGPHUB48V,TGMADXTGPHUB48V,1,204,136
2019-11-26 16:00:00 UTC,NdKnVLm0j+zEGGqvRZ+XCg==,0miAdp/04rI6PZPec1hRzQ==,TGMADXTGPHUB58V,TGMADXTGPHUB58V,1,0,4768
2019-11-26 16:00:00 UTC,NdKnVLm0j+zEGGqvRZ+XCg==,HpbFEpP63W+YjhOcVOe3VA==,TGMADXTGPHUB02V,TGMADXTGPHUB02V,1,0,29
2019-11-26 16:00:00 UTC,NdKnVLm0j+zEGGqvRZ+XCg==,uM/hu4f7z2piM0A7gFIA4g==,TGMADXTGPHUB02V,TGMADXTGPHUB02V,1,102,24
2019-11-26 16:00:00 UTC,NdKnVLm0j+zEGGqvRZ+XCg==,7YsFfo6XFyY1lbiuRxHN/g==,TGMADXTGPHUB09V,TGMADXTGPHUB09V,1,0,8
2019-11-26 16:00:00 UTC,NdKnVLm0j+zEGGqvRZ+XCg==,pfdeEwwa4m0br/aGjtH6hg==,TGMADXTGPHUB52V,TGMADXTGPHUB52V,1,206,2
2019-11-26 16:00:00 UTC,NdKnVLm0j+zEGGqvRZ+XCg==,UxA+LLf0y1jfIoyEuKzTLg==,TGMADXTGPHUB04V,TGMADXTGPHUB04V,1,204,155
2019-11-26 16:00:00 UTC,NdKnVLm0j+zEGGqvRZ+XCg==,Wyxxy0jByOfWm8TTyqvj9Q==,TGMADXTGPHUB44V,TGMADXTGPHUB44V,1,206,1
2019-11-26 16:00:00 UTC,NdKnVLm0j+zEGGqvRZ+XCg==,dfNTXh9jqee0IbP6Dziowg==,TGMADXTGPHUB07V,TGMADXTGPHUB07V,1,0,1059
2019-11-26 16:00:00 UTC,NdKnVLm0j+zEGGqvRZ+XCg==,yo3EPSg+2OhZFYSVVr11lw==,TGMADXTGPHUB12V,TGMADXTGPHUB12V,1,204,766
2019-11-26 16:00:00 UTC,NdKnVLm0j+zEGGqvRZ+XCg==,ynC8yQXbLmynmCiZDvQcyQ==,TGMADXTGPHUB10V,TGMADXTGPHUB10V,1,105,1
2019-11-26 16:00:00 UTC,NdKnVLm0j+zEGGqvRZ+XCg==,N6X+YSrI/lzGToTS0QaU5g==,TGMADXTGPHUB27V,TGMADXTGPHUB27V,1,0,23
2019-11-26 16:00:00 UTC,NdKnVLm0j+zEGGqvRZ+XCg==,pLaoejmRIR5PP0imLYlQIQ==,TGMADXTGPHUB14V,TGMADXTGPHUB14V,1,0,151
2019-11-26 16:00:00 UTC,NdKnVLm0j+zEGGqvRZ+XCg==,XkV2vq4quG1q0bixcA0uEQ==,TGMADXTGPHUB35V,TGMADXTGPHUB35V,1,204,115
2019-11-26 16:00:00 UTC,NdKnVLm0j+zEGGqvRZ+XCg==,TI0tqVGUn92DlxKdvJ+s7w==,TGMADXTGPHUB55V,TGMADXTGPHUB55V,1,204,546
2019-11-26 16:00:00 UTC,NdKnVLm0j+zEGGqvRZ+XCg==,ogiedpe7RrBCunvT4utQ8Q==,TGMADXTGPHUB52V,TGMADXTGPHUB52V,1,204,70
2019-11-26 16:00:00 UTC,NdKnVLm0j+zEGGqvRZ+XCg==,oFVWK9tZrYupzGgDZzCBGA==,TGMADXTGPHUB11V,TGMADXTGPHUB11V,1,105,430
2019-11-26 16:00:00 UTC,NdKnVLm0j+zEGGqvRZ+XCg==,qZ1X5kQ9yI2rEQTItxIOQw==,TGMADXTGPHUB07V,TGMADXTGPHUB07V,1,206,3
2019-11-26 16:00:00 UTC,NdKnVLm0j+zEGGqvRZ+XCg==,ZOX/R7lNPLYAbHyiDRa0qA==,TGMADXTGPHUB05V,TGMADXTGPHUB05V,1,0,958
2019-11-26 16:00:00 UTC,NdKnVLm0j+zEGGqvRZ+XCg==,TCJw40GmLqVNWT1QloqpEg==,TGMADXTGPHUB51V,TGMADXTGPHUB51V,1,104,1
2019-11-26 16:00:00 UTC,NdKnVLm0j+zEGGqvRZ+XCg==,/XEuhbLZp+0cgzXqrvnHtw==,TGMADXTGPHUB29V,TGMADXTGPHUB29V,1,0,3152
2019-11-26 16:00:00 UTC,NdKnVLm0j+zEGGqvRZ+XCg==,ZOX/R7lNPLYAbHyiDRa0qA==,TGMADXTGPHUB26V,TGMADXTGPHUB26V,1,104,57
2019-11-26 16:00:00 UTC,NdKnVLm0j+zEGGqvRZ+XCg==,N6X+YSrI/lzGToTS0QaU5g==,TGMADXTGPHUB02V,TGMADXTGPHUB02V,1,204,32
2019-11-26 16:00:00 UTC,NdKnVLm0j+zEGGqvRZ+XCg==,5EuhHltAd/slaDoLSfi8mw==,TGMADXTGPHUB32V,TGMADXTGPHUB32V,1,207,11
2019-11-26 16:00:00 UTC,NdKnVLm0j+zEGGqvRZ+XCg==,pLaoejmRIR5PP0imLYlQIQ==,TGMADXTGPHUB55V,TGMADXTGPHUB55V,1,0,144
2019-11-26 16:00:00 UTC,NdKnVLm0j+zEGGqvRZ+XCg==,EOBUoMnM/IUyNJTyjUUugA==,TGMADXTGPHUB56V,TGMADXTGPHUB56V,1,104,1
2019-11-26 16:00:00 UTC,NdKnVLm0j+zEGGqvRZ+XCg==,X5yCsBOdj49zDO/X7pzNzw==,TGMADXTGPHUB48V,TGMADXTGPHUB48V,1,204,446
2019-11-26 16:00:00 UTC,NdKnVLm0j+zEGGqvRZ+XCg==,x+7U3Q4PVCJwWhC2kQ55XA==,TGMADXTGPHUB17V,TGMADXTGPHUB17V,1,0,77
2019-11-26 16:00:00 UTC,NdKnVLm0j+zEGGqvRZ+XCg==,SW73cslHAyI8WC/7SmDdwg==,TGMADXTGPHUB44V,TGMADXTGPHUB44V,1,204,57
2019-11-26 16:00:00 UTC,NdKnVLm0j+zEGGqvRZ+XCg==,S3+qgxkHbtGMEnyppfV1kA==,TGMADXTGPHUB59V,TGMADXTGPHUB59V,1,0,52809